id,city_bank,name,routing_bank,reserve,code_country
1,SAN ANTONIO,INTERNATIONAL BANK OF COMMERCE,114902528,$696474755.17,US
2,NAPERVILLE,BMO HARRIS BANK,075902735,$539943976.11,US
3,CONWAY,CENTENNIAL BANK,284170468,$110429150.26,US
4,PORTLAND,UMPQUA BANK,123305378,$756444649.48,US
5,BEMIDJI,SECURITY BANK,091201258,$848781320.91,US
6,RANDOLPH,FIRST STATE BANK,104102257,$2074125.94,US
7,AUDURN,UNITED COMMUNITY BANK,071126531,$832253223.29,US
8,ELDON,CITIZENS BANK,081503380,$852997542.69,US
9,BLAIRSVILLE,UNITED COMMUNITY BANK,053111674,$530510953.48,US
10,BREA,CREDIT UNION OF SOUTHERN CALIFORNIA,322079133,$603685338.96,US
11,CHICAGO,BYLINE BANK,071922984,$215099980.72,US
12,BUFFALO,CITIZENS STATE BANK,111908965,$328886434.64,US
13,TUPELO,BANCORPSOUTH,062202956,$895639166.39,US
14,SHELBYVILLE,PEOPLES BANK,064108605,$896406249.21,US
15,OKLAHOMA CITY,FIRST FIDELITY BANK,122105184,$651715445.34,US
16,RICHMOND,BANK OF AMERICA,051400507,$189802496.33,US
17,TALLAHASSEE,CAPITAL CITY BANK,061205475,$784900854.77,US
18,KETCHIKAN,FIRST BANK,125200044,$55075801.88,US
19,MENDOTH,FIRST STATE BANK,071114491,$398233551.36,US
20,ASHLAND,FARMERS & MERCHANTS BANK,104901911,$80450913.55,US
21,HENRICO,BANK OF AMERICA,123103716,$788090843.71,US
22,RICHMOND,CAPITAL ONE,111104879,$232863411.99,US
23,ITASCA,FIRST MIDWEST BANK,271973775,$443208903.85,US
24,WHEELING,WESBANCO BANK INC,044111188,$902853369.20,US
25,HICKSVILLE,NEW YORK COMMUNITY BANK,226072647,$570280554.52,US
26,FORT PAYNE,FIRST FIDELITY BANK,262285223,$355148937.94,US
27,RYE,USALLIANCE FEDERAL CREDIT UNION,226078049,$896297626.61,US
28,NEW CASTLE,CITIBANK,021272655,$293947682.09,US
29,ATLANTA,FEDERAL RESERVE BANK,041000014,$818729540.86,US
30,MANNING,FIRST NATIONAL BANK,073904890,$753481604.87,US
31,PITTSBURGH,PNC BANK,031302447,$40540745.55,US
32,WEST CONCORD,FARMERS STATE BANK,091915133,$923337132.68,US
33,CARMI,FIRST NATIONAL BANK,081205222,$509069145.96,US
34,EL MONTE,EAST WEST BANK,322070381,$23471896.81,US
35,PAINT ROCK,FIRST STATE BANK,111312205,$395987757.38,US
36,HENRICO,BANK OF AMERICA,011200365,$815905269.97,US
37,DANVILLE,FIRST SAVINGS BANK,271171674,$987534569.33,US
38,TALLAHASSEE,CAPITAL CITY BANK,063100882,$808601807.92,US
39,BLAIRSVILLE,UNITED COMMUNITY BANK,061103454,$349438600.27,US
40,PARSONS,COMMERCIAL BANK,101115098,$956652858.45,US
41,NEWARK,PARK NATIONAL BANK,044102362,$232884773.43,US
42,MCINTOSH,FIRST NATIONAL BANK,091204569,$273223389.63,US
43,BELDING,INDEPENDENT BANK,072412354,$381617260.84,US
44,MIDLAND,CHEMICAL BANK,241272053,$800327983.35,US
45,SPOKANE,BANNER BANK,121141903,$23043455.73,US
46,GROTON,FIRST STATE BANK,091402905,$193255788.27,US
47,LEWISTON,TD BANK,011400071,$727738349.67,US
48,RALEIGH,FIRST CITIZENS BANK & TRUST COMPANY,051503174,$778469095.50,US
49,BLAIRSVILLE,UNITED COMMUNITY BANK,053201186,$110462090.44,US
50,PITTSBURGH,PNC BANK,231371579,$858004366.38,US
51,EL MONTE,EAST WEST BANK,125008165,$67262389.47,US
52,OMAHA,FIRST NATIONAL BANK OF OMAHA,071905095,$322487050.68,US
53,HERMITAGE,FIRST NATIONAL BANK,053112110,$524117384.61,US
54,SUGARLAND,PROSPERITY BANK,111901632,$542282249.19,US
55,ONTARIO,CITIZENS BUSINESS BANK,122237654,$594960965.02,US
56,FORT PAYNE,FIRST STATE BANK,062203337,$450841859.75,US
57,MOBEETIE,FIRST STATE BANK,111311840,$177110792.56,US
58,SAN DIEGO,MUFG UNION BANK,122000496,$42507426.79,US
59,LAFAYETTE,IBERIABANK,111103197,$343595122.12,US
60,COFFEYVILLE,COMMUNITY STATE BANK,101101471,$318712891.58,US
61,RICHMOND,CAPITAL ONE,065402339,$635006835.16,US
62,CARLSBAD,PACIFIC WESTERN BANK,122239814,$746300410.03,US
63,PROVO,CENTRAL BANK,124300327,$565067479.88,US
64,HIGHLAND PARK,FIRST BANK,071922609,$964304813.23,US
65,LOS ANGELES,CITY NATIONAL BANK,122016066,$472352094.19,US
66,CLEVELAND,PNC BANK,071100049,$605365181.21,US
67,NEW LONDON,FIRST STATE BANK,075909660,$586526862.22,US
68,RICHMOND,CAPITAL ONE,065401369,$503949716.85,US
69,COLUMBUS,THE HUNTINGTON NATIONAL BANK,071925211,$410399811.64,US
70,RICHMOND,CAPITAL ONE,113024915,$334604863.53,US
71,CINCINNATI,FIFTH THIRD BANK,072405662,$415710218.59,US
72,SAN ANTONIO,INTERNATIONAL BANK OF COMMERCE,114917623,$789097912.90,US
73,NEW CASTLE,CITIBANK,271970312,$786432743.87,US
74,STARKVILLE,CADENCE BANK,062201708,$724805727.43,US
75,SPRINGFIELD,FINANCIAL PARTNERS CREDIT UNION,271189491,$18784303.31,US
76,NAPERVILLE,BMO HARRIS BANK,075906595,$786195523.28,US
77,GRETNA,PINNACLE BANK,104901487,$401237304.26,US
78,KILGORE,CITIZENS BANK,111922624,$180574283.42,US
79,NAPERVILLE,BMO HARRIS BANK,071923747,$473939442.38,US
80,AMHERST,M & T BANK,031100092,$133737322.14,US
81,ROCKPORT,CAMDEN NATIONAL BANK,011201380,$83526403.43,US
82,MOULTRIE,AMERIS BANK,061213069,$153129757.28,US
83,NAPERVILLE,BMO HARRIS BANK,075906595,$961519805.08,US
84,ALBANY,KEYBANK,031302803,$972898816.70,US
85,ALBANY,KEYBANK,041001039,$881884575.46,US
86,AMHERST,M & T BANK,021300336,$616064998.06,US
87,MESQUITE,FIRST STATE BANK,111923898,$906256790.98,US
88,HERMITAGE,FIRST NATIONAL BANK OF PENNSYLVANIA,241070459,$212926084.89,US
89,MARIETTA,PEOPLES BANK,244170275,$66990043.74,US
90,RICHMOND,CAPITAL ONE,111904451,$187174768.53,US
91,MINNEAPOLIS,WELLS FARGO BANK,104900323,$130460108.43,US
92,BUFFALO,HSBC BANK,036002425,$498111004.83,US
93,LAFAYETTE,IBERIABANK,265270316,$849623314.95,US
94,EL MONTE,EAST WEST BANK,011002877,$888792489.35,US
95,LAFAYATTE,IBERIABANK,063115521,$53419385.33,US
96,IDA GROVE,UNITED BANK,073921569,$398140156.84,US
97,SEARCY,FIRST SECURITY BANK,082901897,$989352415.85,US
98,TUPELO,BANCORPSOUTH,062000116,$972350084.68,US
99,PARIS,SECURITY BANK,084303545,$203840118.29,US
100,SPARTA,FIRST NATIONAL BANK,081905069,$19922075.07,US
101,BIRMINGHAM,COMPASS BANK,122105948,$884394805.31,US
102,RICHMOND,CAPITAL ONE,265272343,$213855559.38,US
103,WAYNE,VALLEY NATIONAL BANK,021413728,$239751988.02,US
104,MIDDLETOWN,LIBERTY BANK,211174356,$168600254.72,US
105,MOULTRIE,AMERIS BANK,061206432,$289367386.56,US
106,ROSEMEAD,CATHAY BANK,021213096,$829307242.09,US
107,BIRMINGHAM,REGIONS BANK,084000084,$859580548.29,US
108,PITTSBURGH,BANK OF NEW YORK MELLON,011001234,$724262554.88,US
109,PITTSBURGH,PNC BANK INC. - BALTIMORE,051404118,$893045599.74,US
110,WILLMAR,HERITAGE BANK,091914710,$766525311.00,US
111,WAYNE,VALLEY NATIONAL BANK,063114289,$230090777.63,US
112,SAN ANGELO,FIRST NATIONAL BANK,114025599,$403323163.35,US
113,NAPERVILLE,BMO HARRIS BANK,075911195,$775476348.19,US
114,NAPERVILLE,BMO HARRIS BANK,075910882,$333955113.64,US
115,EL MONTE,EAST WEST BANK,113012503,$776595682.42,US
116,CLEVELAND,PNC BANK,041215278,$106726259.16,US
117,LOS ANGELES,BANK OF HOPE,071006282,$848547023.43,US
118,IRVINGTON,FIRST STATE BANK,083901210,$995785423.83,US
119,ONTARIO,CITIZENS BUSINESS BANK,122234149,$953165310.35,US
120,GREAT BEND,FARMERS BANK,101101989,$648376242.92,US
121,MIAMI,CAPITAL BANK,053103637,$318890485.33,US
122,PHILLIPSBURG,FARMERS STATE BANK,101110543,$297798000.62,US
123,MOULTRIE,AMERIS BANK,063111677,$416796323.68,US
124,LYNN,EASTERN BANK,011307077,$423150624.77,US
125,RICHMOND,BANK OF AMERICA,056001011,$127254995.60,US
126,RICHMOND,BANK OF AMERICA,011801052,$287048804.10,US
127,ITASCA,FIRST MIDWEST BANK,071922379,$477554041.82,US
128,SCHELL CITY,FARMERS STATE BANK,101206800,$788445172.05,US
129,MT VERNON,FIRST NATIONAL BANK,111904192,$402040974.28,US
130,TOMAH,FARMERS & MERCHANTS BANK,075907442,$348001551.61,US
131,TALLAHASSEE,CAPITAL CITY BANK,063101700,$812749797.32,US
132,NEW BRITAIN,WEBSTER BANK,011104050,$681745581.40,US
133,EAGLE LAKE,FIRST NATIONAL BANK,113104880,$637791811.53,US
134,MAGNOLIA,FARMERS BANK,082903837,$898350143.94,US
135,DRIPPING SPRINGS,"PIONEER BANK, SSB",111924305,$205712107.06,US
136,BIRMINGHAM,REGIONS BANK,067008414,$695824367.16,US
137,MINNEAPOLIS,WELLS FARGO BANK,124000012,$960561870.56,US
138,RICHMOND,BANK OF AMERICA,053102463,$183132224.01,US
139,RICHMOND,BANK OF AMERICA,121108959,$318911181.56,US
140,ELDORADO,FIRST NATIONAL BANK,111307841,$372864425.67,US
141,FRANKFORT,UNITED BANK & CAPITAL TRUST COMPANY,042102018,$734890698.41,US
142,AMHERST,M & T BANK,021907577,$453904958.55,US
143,NEW ORLEANS,LIBERTY BANK,065303315,$433845076.12,US
144,RICHMOND,BANK OF AMERICA,063106145,$899209388.65,US
145,NASHVILLE,PINNACLE BANK,061309229,$840011279.38,US
146,PLEASANT HILL,COMMUNITY BANK,101219279,$90631783.69,US
147,CARLSBAD,PACIFIC WESTERN BANK,122242092,$306167248.16,US
148,CHAS,SOUTH STATE BANK,061102549,$736551558.75,US
149,TUPELO,RENASANT BANK,064004181,$744082185.76,US
150,BELLEVILLE,JPMORGAN CHASE,065400137,$233691924.78,US
151,JASPER,GERMAN AMERICAN BANCORP,086314367,$371533253.48,US
152,PITTSBURGH,PNC BANK,021202311,$341980546.07,US
153,WILSON,BRANCH BANKING & TRUST COMPANY,031303763,$980287595.46,US
154,MIAMI,CAPITAL BANK,063115372,$560738103.05,US
155,RICHMOND,BANK OF AMERICA,011400178,$962077660.92,US
156,PADUCAH,FIRST NATIONAL BANK,111306059,$29609476.39,US
157,READING,SANTANDER BANK,021207002,$251111476.61,US
158,ENGLEWOOD CLIFFS,CITIBANK,321170444,$241538115.88,US
159,AMES,FIRST NATIONAL BANK,073902274,$736079309.01,US
160,FRANKFORT,FIRST NATIONAL BANK,101113935,$695328737.04,US
161,DOWNEY,FINANCIAL PARTNERS CREDIT UNION,322282292,$2050785.09,US
162,LAKEWOOD,FIRSTBANK,107002406,$588279812.13,US
163,RICHMOND,BANK OF AMERICA,021113086,$808597768.62,US
164,STERLING CITY,FIRST NATIONAL BANK,111307252,$723161067.41,US
165,BREA,CREDIT UNION OF SOUTHERN CALIFORNIA,322274792,$879021202.51,US
166,HENRICO,BANK OF AMERICA,114900025,$291316312.30,US
167,RICH HILL,SECURITY BANK,101212153,$395614456.43,US
168,CHAS,SOUTH STATE BANK,061204900,$512710831.60,US
169,BUCKLIN,FARMERS STATE BANK,101104711,$80695793.93,US
170,MONTEBELLO,STERLING NATIONAL BANK,021907315,$599249334.68,US
171,MOULTRIE,AMERIS BANK,061201673,$682933089.01,US
172,DARWIN,FARMERS STATE BANK,091911302,$319391138.50,US
173,DRIPPING SPRINGS,"PIONEER BANK, SSB",113102442,$773431085.60,US
174,READING,SANTANDER BANK,211371450,$268958764.92,US
175,CINCINNATI,FIFTH THIRD BANK,071214126,$952900376.70,US
176,NORTH CHICAGO,GREAT LAKES CREDIT UNION,271080325,$959740551.35,US
177,CINCINNATI,FIRST FINANCIAL BANK,074912849,$7479313.94,US
178,BUFFALO,M & T BANK,221370108,$383433741.16,US
179,MONTEBELLO,STERLING NATIONAL BANK,021913655,$507506851.97,US
180,CARROLLTON,FIRST NATIONAL BANK,083902196,$265582585.08,US
181,LINCOLN,FARMERS BANK,101208031,$529676487.80,US
182,RICHMOND,CAPITAL ONE,021409567,$925436598.99,US
183,CONWAY,CENTENNIAL BANK,063116452,$513711519.72,US
184,VICTOR,FARMERS STATE BANK,092905537,$959295235.24,US
185,ALEXANDRIA,PENTAGON FEDERAL CREDIT UNION,311078802,$402457535.23,US
186,TUPELO,RENASANT BANK,084202837,$919592363.63,US
187,MINNEAPOLIS,WELLS FARGO BANK,113102138,$447955171.07,US
188,PELL CITY,UNION STATE BANK,062205034,$330641205.69,US
189,LAKEWOOD,COLUMBIA STATE BANK,123203218,$508659170.51,US
190,BIRMINGHAM,COMPASS BANK,113103726,$127800180.10,US
191,SEDALIA,CENTRAL BANK,101900588,$318381622.67,US
192,RICHMOND,COMMUNITY BANK,101918965,$297742287.88,US
193,WAMEGO,FIRST NATIONAL BANK,101115111,$96220067.78,US
194,CONWAY,CENTENNIAL BANK,067014110,$569036774.90,US
195,TUPELO,BANCORPSOUTH,082906892,$790198464.73,US
196,TAYLOR,CITIZENS NATIONAL BANK,111903999,$71119833.94,US
197,WAUSAU,PEOPLES STATE BANK,075905965,$169159202.13,US
198,RICHMOND,BANK OF AMERICA,053101396,$307736655.39,US
199,FALFURRIAS,FIRST NATIONAL BANK,114919676,$572954925.63,US
200,CLEARBROOK,FIRST STATE BANK,091206884,$450656662.93,US
201,DALEVILLE,FIRST MERCHANTS BANK,074908303,$966805173.24,US
202,PORTLAND,UMPQUA BANK,123206053,$287891534.20,US
203,OKLAHOMA CITY,FIRST NATIONAL BANK,103111252,$319598877.44,US
204,COLFAX,FIRST STATE BANK,073903419,$691062565.61,US
205,TAMPA,JPMORGAN CHASE,071900948,$824098766.33,US
206,ONTARIO,CITIZENS BUSINESS BANK,122240010,$915906311.43,US
207,PITTSBURGH,BANK OF NEW YORK MELLON,043303447,$376751861.07,US
208,COLUMBUS,HUNTINGTON NATIONAL BANK,044172282,$534114150.94,US
209,GRETNA,PINNACLE BANK,104901487,$557529892.70,US
210,BEN WHEELER,FIRST STATE BANK,111909443,$421491706.04,US
211,ELKINS,CITIZENS BANK,051501150,$605849485.57,US
212,FRANKFORT,UNITED BANK,083901650,$517443212.06,US
213,RICHMOND,BANK OF AMERICA,063103193,$445512159.68,US
214,SAN DIEGO,MUFG UNION BANK,121000497,$11025225.94,US
215,MEMPHIS,FIRST TENNESSEE BANK,064208437,$881324785.13,US
216,HERMITAGE,FIRST NATIONAL BANK OF PENNSYLVANIA,043318092,$990314180.25,US
217,GRETNA,PINNACLE BANK,104901487,$540812471.37,US
218,TIMBERVILLE,FARMERS & MERCHANTS BANK,051404419,$368860830.69,US
219,PITTSBURGH,PNC BANK,065103625,$199345523.04,US
220,EDGEWOOD,FIRST NATIONAL BANK,111907827,$645791613.97,US
221,CANTON,COMMUNITY BANK,031302861,$569677077.53,US
222,BUFFALO,HSBC BANK,071002053,$335457051.88,US
223,LEE'S SUMMIT,CENTRAL BANK,101014733,$424218947.73,US
224,MINNEAPOLIS,WELLS FARGO BANK,053900225,$614420509.86,US
225,NAPERVILLE,BMO HARRIS BANK,075902625,$227854061.37,US
226,ENGLEWOOD CLIFFS,CITIBANK,322270055,$14724527.77,US
227,BELLEVUE,FIRST NATIONAL BANK,041204726,$294061052.24,US
228,TUPELO,RENASANT BANK,084201223,$139224975.37,US
229,BUFFALO,CITIZENS STATE BANK,111918230,$805878195.60,US
230,WAMEGO,FIRST NATIONAL BANK,101115111,$939605458.46,US
231,PEARSALL,SECURITY STATE BANK,114904775,$326580365.84,US
232,NAPERVILLE,BMO HARRIS BANK,071902797,$328883925.25,US
233,SAN DIEGO,MUFG UNION BANK,122220593,$238027933.38,US
234,NAPERVILLE,BMO HARRIS BANK,074912807,$517100997.88,US
235,KIESTER,FIRST STATE BANK,091208154,$988679414.05,US
236,WAGONER,FIRST BANK,103107046,$492104766.67,US
237,WORCESTER,COMMERCE BANK,011307239,$539212888.93,US
238,RICHMOND,BANK OF AMERICA,067005679,$227740522.96,US
239,ELLSWORTH,CITIZENS STATE BANK,101104355,$863191605.66,US
240,BIRMINGHAM,REGIONS BANK,111900785,$844376780.63,US
241,WATONGA,FIRST STATE BANK,103101929,$813605196.06,US
242,SUGAR LAND,PROSPERITY BANK,111024849,$827831277.51,US
243,ST. PAUL,US BANK,083900732,$444464143.61,US
244,FITZGERALD,COMMUNITY BANK,061204913,$735065056.44,US
245,FRANKFORT,UNITED BANK,042102018,$714596054.43,US
246,SUGAR LAND,PROSPERITY BANK,111917383,$355439516.29,US
247,PORTLAND,UMPQUA BANK,121141819,$324110747.93,US
248,ZEBULON,UNITED BANK,061119477,$794994637.58,US
249,SUGAR LAND,PROSPERITY BANK,111322583,$887203044.77,US
250,SHEBOYGAN,WEBSTER BANK,075907947,$199657849.56,US
251,REMBRANDT,FIRST NATIONAL BANK,073915520,$338367954.57,US
252,TOMAH,FARMERS & MERCHANTS BANK,075907442,$695808350.61,US
253,ATLANTA,FEDERAL RESERVE BANK,052000278,$493353704.39,US
254,LAKEWOOD,FIRSTBANK,107006651,$862098798.90,US
255,CHAMBERSBURG,FARMERS & MERCHANTS BANK,031314707,$942907411.28,US
256,NAPERVILLE,BMO HARRIS BANK,071912813,$653635375.72,US
257,RICHMOND,BANK OF AMERICA,051000101,$90844891.52,US
258,TUPELO,RENASANT BANK,084201841,$209098594.24,US
259,CROSS LANES,CITY NATIONAL BANK,242170002,$950557643.31,US
260,BIRMINGHAM,REGIONS BANK,074014213,$905909333.91,US
261,LEWISTON,TD BANK,011401957,$585202822.03,US
262,ITASCA,FIRST MIDWEST BANK,271971735,$285347863.35,US
263,CINCINNATI,FIFTH THIRD BANK,072400052,$398534782.30,US
264,PITTSBURGH,PNC BANK,043002900,$505545754.42,US
265,CIMARRON,FIRST NATIONAL BANK,101105257,$413203497.83,US
266,LOS ANGELES,BANK OF HOPE,071002134,$795992978.79,US
267,LAFAYETTE,IBERIABANK,082901826,$86767470.65,US
268,COLFAX,PEOPLES STATE BANK,071112354,$104521391.73,US
269,ROCK VALLEY,PEOPLES BANK,073922005,$523822919.58,US
270,PITTSBURGH,PNC BANK,052102590,$174442624.52,US
271,BOSOBEL,COMMUNITY FIRST BANK,075918295,$908321993.62,US
272,COLUMBUS,HUNTINGTON NATIONAL BANK,041201936,$438271217.79,US
273,JACKSON,TRUSTMARK NATIONAL BANK,084008028,$426686220.18,US
274,FT LAUDERDALE,STONEGATE BANK,067092640,$207923047.91,US
275,BUFFALO,HSBC BANK,226070717,$951870252.76,US
276,SUGAR LAND,PROSPERITY BANK,111309742,$280929200.11,US
277,WAVERLY,SECURITY STATE BANK,073921860,$27969027.38,US
278,TUPELO,RENASANT BANK,062206101,$351946420.96,US
279,MIDLAND,CHEMICAL BANK,072404948,$394653347.80,US
280,HERMITAGE,FIRST NATIONAL BANK,055002480,$113958945.53,US
281,STRATFORD,FIRST STATE BANK,111308633,$163203307.37,US
282,PRIMGHAR,FIRST NATIONAL BANK,073907855,$409295517.51,US
283,SHAWNEE,FIRST NATIONAL BANK,103103451,$177748389.67,US
284,ROSSVILLE,COMMUNITY NATIONAL BANK,064201120,$844565326.49,US
285,WATHENA,FARMERS STATE BANK,101104342,$332719644.81,US
286,COLUMBUS,THE HUNTINGTON NATIONAL BANK,241270822,$91912627.77,US
287,BERNE,FIRST BANK,274970775,$802125370.18,US
288,TAYLOR,CITIZENS NATIONAL BANK,111903999,$985381639.46,US
289,SUGAR LAND,PROSPERITY BANK,111925317,$758023829.46,US
290,DRIPPING SPRINGS,"PIONEER BANK, SSB",114922443,$308536271.06,US
291,SIOUX FALLS,GREAT WESTERN BANK,073908980,$572500095.57,US
292,BLAIRSVILLE,UNITED COMMUNITY BANK,061113017,$206431865.23,US
293,TULSA,SECURITY BANK,103102216,$629733156.11,US
294,KANSAS CITY,UMB,111925508,$669232889.28,US
295,CORRIGAN,CITIZENS STATE BANK,113118342,$909443277.42,US
296,POYNETTE,UNITED COMMUNITY BANK,075904238,$711862795.62,US
297,LUBBOCK,FIRST BANK,311373125,$996814163.95,US
298,TONGANOXIE,FIRST STATE BANK,101114303,$573851019.24,US
299,ENGLEWOOD CLIFFS,CITIBANK,322070019,$891946728.70,US
300,BIRMINGHAM,REGIONS BANK,084000084,$98809159.69,US
301,NAPERVILLE,BMO HARRIS BANK,075902340,$66087323.29,US
302,HARTFORD,FIRST NATIONAL BANK,075902463,$181802625.01,US
303,ALBANY,KEY BANK,074001048,$630058869.44,US
304,MURDO,FIRST FIDELITY BANK,091403548,$180778674.40,US
305,AMARILLO,BANK OF COMMERCE,111308442,$86308876.71,US
306,SPOKANE,BANNER BANK,123308786,$551149450.68,US
307,ROSEMONT,BANCO POPULAR,071924319,$587955816.69,US
308,WILSON,BRANCH BANKING & TRUST COMPANY,031914437,$300780949.46,US
309,ENGLEWOOD CLIFFS,CITIBANK,322271779,$232305796.07,US
310,LEWISTON,TD BANK,021200957,$3483051.60,US
311,INDIANA,S & T BANK,043316256,$943054813.10,US
312,FRANKFORT,UNITED BANK,042102555,$668444631.43,US
313,PITTSBURGH,PNC BANK INC. - BALTIMORE,051403517,$163768064.87,US
314,SPRINGFIELD,GREAT SOUTHERN BANK,101101769,$715878186.51,US
315,NAPERVILLE,BMO HARRIS BANK,071925224,$299316848.93,US
316,HENRICO,BANK OF AMERICA,072000805,$953984369.48,US
317,LEXINGTON,FIRST COMMUNITY BANK,053208053,$820734185.35,US
318,VALDOSTA,COMMERCIAL BANK,061211171,$597200581.29,US
319,TAMPA,JPMORGAN CHASE,111001105,$86261427.24,US
320,ALBANY,KEYBANK,031307468,$375993564.73,US
321,WAYNE,VALLEY NATIONAL BANK,063015838,$522360039.15,US
322,PANA,PEOPLES BANK,081905182,$938834561.14,US
323,RIVERSIDE,FIRST NATIONAL BANK,122240751,$809543653.00,US
324,MINNEAPOLIS,WELLS FARGO BANK,053108580,$99287285.74,US
325,TREZEVANT,CENTENNIAL BANK,084301518,$88093495.25,US
326,PITTSBURGH,PNC BANK,083009060,$105410621.69,US
327,CRAWFORD,SECURITY BANK,111906349,$290599102.83,US
328,MARIETTA,PEOPLES BANK,044106944,$788764143.50,US
329,MOULTRIE,AMERIS BANK,053208066,$840184199.62,US
330,HENRICO,BANK OF AMERICA,071214579,$70464193.15,US
331,MACON,STATE BANK AND TRUST COMPANY,061104136,$306432800.96,US
332,HENRICO,BANK OF AMERICA,231371841,$449585754.86,US
333,CANBY,FIRST SECURITY BANK,091202736,$405749939.60,US
334,SAN ANTONIO,INTERNATIONAL BANK OF COMMERCE,114902793,$394659660.98,US
335,NEW LONDON,FIRST STATE BANK,075907497,$538709201.72,US
336,CINCINNATI,FIFTH THIRD BANK,072413175,$58184306.79,US
337,OWASSO,FIRST BANK,103112853,$944614574.10,US
338,DALEVILLE,FIRST MERCHANTS BANK,044015747,$4272957.60,US
339,RICHMOND,BANK OF AMERICA,067002436,$668022928.30,US
340,CROSS LANES,CITY NATIONAL BANK,251473091,$736598886.41,US
341,NEW CASTLE,CITIBANK,271070801,$404757901.20,US
342,ONTARIO,CITIZENS BUSINESS BANK,122239937,$309808621.33,US
343,NAPERVILLE,BMO HARRIS BANK,071925062,$646014633.60,US
344,BIRMINGHAM,REGIONS BANK,062000019,$169314466.39,US
345,LEWISTON,TD BANK,011401148,$177003117.14,US
346,BIRMINGHAM,COMPASS BANK,122220506,$933617928.96,US
347,MACON,STATE BANK AND TRUST COMPANY,061103292,$891392162.15,US
348,DRIPPING SPRINGS,"PIONEER BANK, SSB",113116292,$695852073.29,US
349,TAMPA,JPMORGAN CHASE,267084131,$99900050.62,US
350,PINE BLUFF,SIMMONS FIRST NATIONAL BANK,084304243,$300752161.84,US
351,SAN ANTONIO,INTERNATIONAL BANK OF COMMERCE,114912709,$75402617.04,US
352,LAKEWOOD,FIRSTBANK,107006075,$545794370.62,US
353,ROCKVILLE,CAPITAL BANK,231975836,$939016415.19,US
354,KINGFISHER,INTERBANK,103000703,$486590437.29,US
355,EASTLAND,FIRST FINANCIAL BANK,111921751,$119124489.85,US
356,PINE BLUFF,SIMMONS FIRST NATL BK,084107628,$987700665.09,US
357,ENGLEWOOD CLIFFS,CITIBANK WEST,271071402,$488654248.43,US
358,DALLAS,PROSPERITY BANK,111093715,$229113382.27,US
359,CINCINNATI,FIRST FINANCIAL BANK,074903955,$11150747.16,US
360,MIDLAND,CHEMICAL BANK,272471836,$328548590.23,US
361,MINNEAPOLIS,WELLS FARGO BANK,031901686,$365944599.74,US
362,CHICAGO,BYLINE BANK,075918318,$55981366.15,US
363,MONTICELLO,FARMERS & MERCHANTS BANK,063101111,$148891926.13,US
364,MEMPHIS,FIRST TENNESSEE BANK,064207195,$454498437.84,US
365,NEW ORLEANS,WHITNEY BANK,065201802,$534134902.96,US
366,WAYNE,VALLEY NATIONAL BANK,221271090,$737019272.97,US
367,MINNEAPOLIS,WELLS FARGO BANK,031200730,$688351791.84,US
368,PITTSBURGH,PNC BANK,055001698,$200037366.34,US
369,ONTARIO,CITIZENS BUSINESS BANK,122242759,$707227047.98,US
370,BROWNSTOWN,FIRST NATIONAL BANK,081211928,$55436735.32,US
371,SHINER,FIRST NATIONAL BANK,113106833,$851529776.96,US
372,SAN DIEGO,MUFG UNION BANK,121140742,$772723864.08,US
373,TUPELO,RENASANT BANK,084008507,$37471299.96,US
374,MARIETTA,PEOPLES BANK,044212168,$785984677.74,US
375,MAGNOLIA,FARMERS BANK,082901091,$851743473.69,US
376,SENECA,COMMUNITY NATIONAL BANK,101104504,$332962284.05,US
377,GLENCOE,SECURITY BANK,091905512,$729904722.63,US
378,PELL CITY,UNION STATE BANK,062205034,$314836559.78,US
379,KINGSPORT,HORIZON CREDIT UNION,264279279,$160390703.36,US
380,TUPELO,RENASANT BANK,061121054,$294766721.81,US
381,PITTSBURGH,PNC BANK INC. - BALTIMORE,055001122,$769626404.32,US
382,TEMPLE,FIRST STATE BANK,103111155,$108831374.67,US
383,EL MONTE,EAST WEST BANK,011002877,$725645091.71,US
384,CENTRALIA,SECURITY STATE BANK,125107008,$132958978.08,US
385,SUGAR LAND,PROSPERITY BANK,313170957,$245993474.53,US
386,KANSAS CITY,UMB,081009813,$786595092.10,US
387,RICHMOND,CAPITAL ONE,065400140,$689193776.98,US
388,LYNNVLLE,FIRST STATE BANK,073914411,$160510129.57,US
389,BUFORD,PEOPLES BANK,061103153,$322621035.64,US
390,PITTSBURGH,PNC BANK,072000915,$214958980.44,US
391,BATESVILLE,FIRST COMMUNITY BANK,084106221,$954305243.52,US
392,LA HARPE,FIRST STATE BANK,071111986,$87960104.61,US
393,FRANKFORT,UNITED BANK & CAPITAL TRUST COMPANY,083901825,$471908121.39,US
394,SUGAR LAND,PROSPERITY BANK,111910681,$270811505.73,US
395,MONTEBELLO,STERLING NATIONAL BANK,021909300,$201701837.90,US
396,ENGLEWOOD CLIFFS,CITIBANK,022310422,$899598862.35,US
397,LOGAN,FIRST NATIONAL BANK,104904882,$737854424.18,US
398,TERRE HAUTE,FIRST FINANCIAL BANK,071103473,$992210465.58,US
399,PITTSBURGH,PNC BANK,031307604,$900187153.87,US
400,LEXINGTON,CORNERSTONE BANK,051409595,$794465958.69,US
401,BANCROFT,FIRST BANK,104903294,$181333208.52,US
402,BIRMINGHAM,REGIONS BANK,065305436,$434646334.75,US
403,BELDING,INDEPENDENT BANK,272471124,$851308142.82,US
404,TULSA,VALLEY NATIONAL BANK,103902717,$560549338.87,US
405,MEMPHIS,FIRST TENNESSEE BANK,084000026,$64657692.84,US
406,STARKE,COMMUNITY STATE BANK,063106352,$15270619.92,US
407,MORGAN HILL,PINNACLE BANK,121144340,$212231312.70,US
408,NORTH CHGO,GREAT LAKES CREDIT UNION,271984162,$7715487.07,US
409,SIOUX FALLS,GREAT WESTERN BANK,101902298,$23695653.02,US
410,MEMPHIS,FIRST TENNESSEE BANK,064201560,$235745643.84,US
411,NEW CASTLE,CITIBANK,271070801,$301050723.32,US
412,MCKINNEY,INDEPENDENT BANK,113009341,$589007809.58,US
413,CONWAY,CENTENNIAL BANK,063114108,$178029259.75,US
414,BATESVILLE,FIRST COMMUNITY BANK,084106221,$944681644.00,US
415,KALAMAZOO,FIRST NATIONAL BANK,072414239,$242492737.18,US
416,BREA,CREDIT UNION OF SOUTHERN CALIFORNIA,322274792,$515919394.02,US
417,LOS ANGELES,GRANDPOINT BANK,122243172,$966857179.71,US
418,PORTLAND,UMPQUA BANK,323270216,$506828060.96,US
419,BLAIRSVILLE,UNITED COMMUNITY BANK,061103454,$19888603.85,US
420,ROSEMONT,M B FINANCIAL BANK,071923255,$725358836.05,US
421,ST. PAUL,US BANK,081202759,$543080374.79,US
422,SCOTT CITY,SECURITY STATE BANK,101114691,$98135616.61,US
423,FT. LAUDERDALE,STONEGATE BANK,067015724,$631084192.33,US
424,CARROLL,FARMERS STATE BANK,104113628,$157760804.97,US
425,TUPELO,RENASANT BANK,084202837,$803520520.95,US
426,DALEVILLE,FIRST MERCHANTS BANK,274970717,$285356440.60,US
427,PANA,FIRST NATIONAL BANK,071117760,$778780819.66,US
428,AMHERST,M & T BANK,022000046,$942680317.64,US
429,LIVINGSTON,UNION BANK & TRUST,064105666,$391155056.97,US
430,WILSON,BRANCH BANKING & TRUST COMPANY,031376017,$554220724.96,US
431,LAFAYETTE,IBERIABANK,065201349,$916884624.80,US
432,MOUNTAIN HOME,FIRST NATIONAL BANK,084102979,$979910048.08,US
433,CLEVELAND,PNC BANK,267084199,$970225040.13,US
434,MINNEAPOLIS,WELLS FARGO BANK,102100918,$344625444.58,US
435,MIDDLETOWN,FIRST FINANCIAL BANK,242272272,$592492853.00,US
436,RICHMOND,BANK OF AMERICA,064101673,$349068213.02,US
437,CARLSBAD,PACIFIC WESTERN BANK,122244744,$45304903.05,US
438,SAN ANGELO,FIRST NATIONAL BANK,111313000,$653884992.22,US
439,ROSSVILLE,COMMUNITY NATIONAL BANK,064201120,$453227780.98,US
440,ALBANY,KEY BANK,125100076,$526227853.73,US
441,NEW BRITAIN,WEBSTER BANK,211172785,$376143124.76,US
442,LAKEWOOD,COLUMBIA STATE BANK,123203218,$400976521.74,US
443,HERMITAGE,FIRST NATIONAL BANK,031302638,$134195758.73,US
444,CINCINNATI,FIRST FINANCIAL BANK,071913731,$162200887.45,US
445,LAFAYETTE,CITIZENS BANK,064101301,$306546222.72,US
446,BREA,CREDIT UNION OF SOUTHERN CALIFORNIA,322274792,$613617705.25,US
447,NEW CASTLE,CITIBANK,021272655,$559644204.79,US
448,WAVERLY,FIRST NATIONAL BANK,073922940,$374747814.42,US
449,LAKEWOOD,COLUMBIA STATE BANK,123103606,$203344634.05,US
450,ST. PAUL,US BANK,075000103,$810691887.97,US
451,RYE,USALLIANCE FEDERAL CREDIT UNION,221976861,$112994850.10,US
452,SAN ANTONIO,INTERNATIONAL BANK OF COMMERCE,113003389,$735546322.91,US
453,DUNCAN,BANK OF COMMERCE,103112992,$15780374.86,US
454,TAMPA,JPMORGAN CHASE,226070296,$694491855.73,US
455,SUGAR LAND,PROSPERITY BANK,113110379,$681387848.37,US
456,NAPERVILLE,BMO HARRIS BANK,075911205,$493745926.06,US
457,SUNMER,FIRST STATE BANK,073904939,$418259212.32,US
458,MOUNT DORA,FIRST NATIONAL BANK,063104312,$321426303.47,US
459,HENRICO,BANK OF AMERICA,082000073,$371450529.86,US
460,COVINGTON,FIRST BANK,065002289,$51487205.54,US
461,DETROIT,COMERICA BANK,072404485,$276518975.25,US
462,PAINTSVILLE,CITIZENS BANK,042103253,$62526942.57,US
463,WACO,FIRST NATIONAL BANK,111926112,$73740312.52,US
464,ALBANY,KEY BANK,124101555,$798645868.50,US
465,HERMITAGE,FIRST NATIONAL BANK OF PENNSYLVANIA,053112220,$785925213.84,US
466,RICHMOND,BANK OF AMERICA,063104972,$795534732.22,US
467,FRANKFORT,UNITED BANK,042102335,$417576294.70,US
468,NAPERVILLE,BMO HARRIS BANK,101006039,$711821204.19,US
469,MINNEAPOLIS,WELLS FARGO BANK,067013564,$445674348.59,US
470,CINCINNATI,FIFTH THIRD BANK,063109935,$694974138.50,US
471,ENGLEWOOD CLIFFS,CITIBANK,322271096,$924876082.16,US
472,NAPERVILLE,BMO HARRIS BANK,275971582,$943390873.42,US
473,HERMITAGE,FIRST NATIONAL BANK OF PENNSYLVANIA,053111988,$525591815.84,US
474,HOTCHKISS,FIRST STATE BANK,107001520,$973446730.67,US
475,TULSA,VALLEY NATIONAL BANK,103902717,$742109083.88,US
476,MIAMI,CAPITAL BANK CORPORATION,053112055,$392263888.26,US
477,SALT LAKE CITY,LIBERTY BANK,124002942,$214956572.17,US
478,MOULTRIE,AMERIS BANK,063111677,$340064030.12,US
479,MEMPHIS,INDEPENDENT BANK,084008426,$770142182.92,US
480,MIDLAND,COMMUNITY NATIONAL BANK,116312873,$893326466.59,US
481,TUPELO,RENASANT BANK,284272625,$99129959.84,US
482,KINGFISHER,INTERBANK,111906860,$75986219.90,US
483,NAPERVILLE,BMO HARRIS BANK,301271790,$335273529.98,US
484,COVINGTON,FIRST BANK,065403587,$362051269.06,US
485,SIOUX FALLS,GREAT WESTERN BANK,073908980,$619334016.26,US
486,SHAWNEE,FIRST NATIONAL BANK,103101411,$119668046.99,US
487,RICHMOND,CAPITAL ONE,056073502,$655706653.22,US
488,HENRICO,BANK OF AMERICA,063100277,$434473875.29,US
489,HERMITAGE,FIRST NATIONAL BANK OF PENNSYLVANIA,241272079,$13686539.69,US
490,TUPELO,RENASANT BANK,084202060,$101364943.92,US
491,NAPERVILLE,BMO HARRIS BANK,075012683,$983388664.22,US
492,MARSHALL,COMMUNITY BANK,101903637,$646693384.89,US
493,WAYNE,VALLEY NATIONAL BANK,021207280,$761686292.76,US
494,CHATSWORTH,CITIZENS BANK,071108313,$79040424.40,US
495,VANDALIA,FIRST NATIONAL BANK,081205112,$174180778.25,US
496,DUBLIN,FARMERS STATE BANK,061211197,$544106156.05,US
497,SAC CITY,CITIZENS BANK,073921048,$820789337.71,US
498,LAKEWOOD,FIRSTBANK,107006143,$106790042.93,US
499,ENGLEWOOD CLIFFS,CITIBANK,022310422,$114990747.34,US
500,FLORENCE,UNION STATE BANK,114910565,$54965178.19,US
501,PORTLAND,UMPQUA BANK,125184746,$674001462.32,US
502,NAPERVILLE,BMO HARRIS BANK,075906595,$512446767.30,US
503,RICHMOND,CAPITAL ONE,113101809,$508230582.03,US
504,WAYNE,VALLEY NATIONAL BANK,221272565,$769247868.06,US
505,NAPERVILLE,BMO HARRIS BANK,071904355,$386081032.90,US
506,HENRICO,BANK OF AMERICA,314072986,$480752236.40,US
507,BERESFORD,FIRST SAVINGS BANK,091406833,$755460853.40,US
508,PRATT,THE PEOPLES BANK,101101659,$610257371.94,US
509,BELDING,INDEPENDENT BANK,072407000,$57204896.73,US
510,STARKVILLE,CADENCE BANK,084201443,$17841670.92,US
511,FREMONT,FIRST STATE BANK,104900116,$113673989.51,US
512,LAKEWOOD,FIRSTBANK,107006143,$670948660.44,US
513,NAPERVILLE,BMO HARRIS BANK,075900229,$161571730.65,US
514,OKMULGEE,FIRST NATIONAL BANK,103103574,$706370842.07,US
515,SOMERVILLE,CITIZENS STATE BANK,113112995,$983465895.33,US
516,SIDNEY,FIRST BANK,092901434,$790422198.23,US
517,NAPERVILLE,BMO HARRIS BANK,091501767,$177846478.36,US
518,OKARCHE,COMMUNITY NATIONAL BANK,103103354,$625769797.36,US
519,ENGLEWOOD CLIFFS,CITIBANK,111915686,$309941773.06,US
520,CAMDEN,FIRST BANK,082908748,$320253377.26,US
521,SYRACUSE,FIRSTBANK,104901238,$200074209.94,US
522,BLUEFIELD,FIRST COMMUNITY BANK,051502434,$994172302.71,US
523,MINNEAPOLIS,WELLS FARGO BANK,053901473,$888407050.19,US
524,MIAMI,CAPITAL BANK,064104379,$996050412.38,US
525,TAMPA,JPMORGAN CHASE,021114205,$812347190.33,US
526,CHURCH POINT,FARMERS STATE BANK,065203499,$384372546.69,US
527,ALEXANDRIA,PENTAGON FEDERAL CREDIT UNION,321379494,$899158366.73,US
528,ATMORE,FIRST NATIONAL BANK,062103453,$148507750.37,US
529,CADOTT,CITIZENS STATE BANK,091803889,$656683965.55,US
530,DUBLIN,FIRST NATIONAL BANK,111920516,$183630756.75,US
531,FLORENCE,UNION STATE BANK,114910565,$989324338.89,US
532,ALBANY,KEYBANK,221370616,$545144002.42,US
533,PITTSBURGH,BANK OF NEW YORK MELLON,043000106,$300955493.75,US
534,KANSAS CITY,UMB,081503490,$888999956.17,US
535,TUPELO,BANCORPSOUTH,062203816,$74676190.91,US
536,ALBANY,KEY BANK,041200089,$176035376.44,US
537,HAZELWOOD,FIRST BANK,081205109,$846801592.67,US
538,MEMPHIS,FIRST TENNESSEE BANK,064207292,$853355930.07,US
539,RICHMOND,BANK OF AMERICA,063110092,$298104210.10,US
540,MINNEAPOLIS,WELLS FARGO BANK,053000219,$447882039.20,US
541,BIRMINGHAM,REGIONS BANK,071122661,$711958067.34,US
542,CARROLL,FARMERS STATE BANK,104113628,$599131450.66,US
543,AXTELL,FARMERS & MERCHANTS BANK,104905140,$957879476.87,US
544,RICHMOND,CAPITAL ONE,065002548,$302747812.86,US
545,BREA,CREDIT UNION OF SOUTHERN CALIFORNIA,322282768,$708599480.70,US
546,SHENANDOAH,FIRST NATIONAL BANK,073910237,$972442815.20,US
547,PORTLAND,UMPQUA BANK,121143118,$127800290.47,US
548,ROSEMONT,M B FINANCIAL BANK,071923310,$616376375.82,US
549,NEW ORLEANS,LIBERTY BANK,265070752,$955830716.15,US
550,PORTLAND,UMPQUA BANK,325171740,$498100201.77,US
551,CONWAY,CENTENNIAL BANK,284170468,$839493223.09,US
552,GALVA,COMMUNITY STATE BANK,081213078,$821950691.27,US
553,JONESBORO,HERITAGE BANK,261170533,$223849902.90,US
554,LAKEWOOD,FIRSTBANK,107005296,$583205888.26,US
555,SAN JOSE,HERITAGE BANK,121135773,$988706575.94,US
556,WILLIAMSTOWN,FIRST BANK,021214163,$463113908.70,US
557,TAMPA,JPMORGAN CHASE,021300462,$120427729.77,US
558,WOODBINE,CITIZENS STATE BANK,101113799,$833992852.52,US
559,KANSAS CITY,UMB,101200958,$247814521.09,US
560,MARION,FARMERS STATE BANK,073911676,$578719850.73,US
561,AVON,COMMUNITY BANK,091406972,$876904529.39,US
562,ROMA,CITIZENS STATE BANK,114907633,$765313074.96,US
563,SEARCY,FIRST SECURITY BANK,082901897,$942711597.48,US
564,TUPELO,BANCORPSOUTH,062000116,$373505559.18,US
565,WESTVILLE,PEOPLES BANK,103104489,$359052346.94,US
566,NEWARK,PARK NATIONAL BANK,044103523,$739495226.47,US
567,BUFFALO,HSBC BANK,026004828,$871786406.96,US
568,LAKEWOOD,FIRSTBANK,122106219,$516978695.65,US
569,RICHMOND,BANK OF AMERICA,063000047,$263059793.68,US
570,STARKVILLE,CADENCE BANK,084201443,$820880363.62,US
571,OMAHA,FIRST NATIONAL BANK OF OMAHA,101003317,$765826409.30,US
572,KANSAS CITY,NBH BANK,321181200,$567411962.05,US
573,CHAMPAIGN,BUSEY BANK,271170264,$98232320.11,US
574,ST. PAUL,US BANK,073000545,$356278189.55,US
575,NAPERVILLE,BMO HARRIS BANK,075017947,$818750189.58,US
576,BIRMINGHAM,REGIONS BANK,065301155,$486799852.91,US
577,NEW TAZEWELL,CITIZENS BANK,064205388,$224762739.71,US
578,BIRMINGHAM,COMPASS BANK,062203049,$83380641.17,US
579,DALEVILLE,FIRST MERCHANTS BANK,074913712,$494133729.01,US
580,DRIPPING SPRINGS,"PIONEER BANK, SSB",114994109,$218388486.10,US
581,KNOXVILLE,THE PEOPLES BANK,051405803,$165453800.64,US
582,CHANUTE,BANK OF COMMERCE,101100692,$279377382.33,US
583,GREENWOOD,STATE BANK AND TRUST COMPANY,062106036,$746695224.92,US
584,KANSAS CITY,UMB,101218856,$253121220.51,US
585,LEE'S SUMMIT,CENTRAL BANK,101201892,$318331278.53,US
586,ITASCA,FIRST MIDWEST BANK,071909363,$23728033.29,US
587,SIOUX FALLS,GREAT WESTERN BANK,091409584,$722536702.37,US
588,TUPELO,BANCORP SOUTH,111104743,$402109605.95,US
589,CLEVELAND,PNC BANK,081000728,$807815514.51,US
590,BIRMINGHAM,REGIONS BANK,051009296,$904908154.12,US
591,RALEIGH,FIRST CITIZENS BANK & TRUST COMPANY,114993906,$378871453.79,US
592,MINNEAPOLIS,WELLS FARGO BANK,041215537,$947800526.56,US
593,MINNEAPOLIS,WELLS FARGO BANK,323270436,$957329148.94,US
594,SUGAR LAND,PROSPERITY BANK,111915398,$113176714.99,US
595,RICHMOND,BANK OF AMERICA,073921763,$80932531.89,US
596,TROY,FIRST BANK,253171540,$655741949.91,US
597,PINE BLUFF,SIMMONS FIRST NATIONAL BANK,086518723,$391603004.04,US
598,CONWAY,CENTENNIAL BANK,082008732,$504396593.68,US
599,CHANTILLY,UNITED BANK,051408923,$845272633.11,US
600,PAINT ROCK,FIRST STATE BANK,111312205,$765119525.96,US
601,COZAD,FIRST BANK & TRUST,104902363,$31654103.73,US
602,BUFFALO,HSBC BANK,226070717,$588881424.64,US
603,CINCINNATI,FIFTH THIRD BANK,072402034,$890842963.80,US
604,ALEXANDRIA,PENTAGON FEDERAL CREDIT UNION,231386331,$137032237.43,US
605,BYRON,FIRST SECURITY BANK,091906760,$968725948.54,US
606,LYNN,EASTERN BANK,011002550,$92632705.60,US
607,RICHMOND,BANK OF AMERICA,067007130,$569828512.15,US
608,MINNEAPOLIS,WELLS FARGO BANK,122402049,$833577443.70,US
609,CANTON,COMMUNITY BANK,022306960,$3811193.53,US
610,BROWNSTOWN,FIRST NATIONAL BANK,081211928,$528705225.67,US
611,RICHMOND,CAPITAL ONE,065202791,$415535679.11,US
612,CINCINNATI,FIFTH THIRD BANK,072405455,$627438056.79,US
613,MACON,STATE BANK AND TRUST COMPANY,061092691,$626014945.22,US
614,OCALA,COMMUNITY BANK,063114360,$760129830.56,US
615,NEW CASTLE,CITIBANK,021001486,$581780609.33,US
616,NAPERVILLE,BMO HARRIS BANK,071911584,$791230712.53,US
617,COVINGTON,FIRST BANK,065403587,$987235336.82,US
618,PHILIP,FIRST NATIONAL BANK,091404369,$369049942.91,US
619,AMARILLO,FIRSTBANK,111322910,$788007508.15,US
620,HERMITAGE,FIRST NATIONAL BANK OF PENNSYLVANIA,043304239,$352644529.67,US
621,INDIANA,S & T BANK,043306855,$38520318.10,US
622,FINLEY,CITIZENS STATE BANK,091310929,$998978566.50,US
623,HARBOR SPRINGS,FIRST COMMUNITY BANK,072406771,$954858184.16,US
624,NAPERVILLE,BMO HARRIS BANK,063113727,$350612763.26,US
625,SEVIERVILLE,CITIZENS NATIONAL BANK,064202255,$633692724.68,US
626,AMHERST,M & T BANK,056009233,$762758511.12,US
627,ROSEMONT,M B FINANCIAL BANK,071925350,$7795127.29,US
628,MOULTRIE,AMERIS BANK,063111677,$740546820.74,US
629,TUPELO,RENASANT BANK,065301265,$314010229.96,US
630,MOHALL,CITIZENS STATE BANK,091308795,$702720450.76,US
631,KILGORE,CITIZENS BANK,111922624,$976727416.94,US
632,SAN FRANCISCO,BANK OF AMERICA,122203248,$718536170.79,US
633,ROSSVILLE,COMMUNITY NATIONAL BANK,061101032,$261220311.22,US
634,MIDLAND,CHEMICAL BANK,072413777,$430174081.48,US
635,RALEIGH,FIRST CITIZENS BANK & TRUST COMPANY,122187335,$278307462.04,US
636,HERMITAGE,FIRST NATIONAL BANK OF PENNSYLVANIA,031318596,$2226578.62,US
637,MURDO,FIRST FIDELITY BANK,091403548,$175329696.28,US
638,JASPER,GERMAN AMERICAN BANCORP,083906707,$233345801.49,US
639,PITTSBURGH,PNC BANK,063114632,$279400615.79,US
640,JEFFERSON CITY,CENTRAL BANK,081503102,$811900295.57,US
641,LAFAYETTE,IBERIABANK,267091250,$816886036.16,US
642,RICHMOND,CAPITAL ONE,111104879,$897458104.44,US
643,LAKEWOOD,FIRST BANK,102006119,$681914242.40,US
644,BIRMINGHAM,COMPASS BANK,113010547,$520336921.22,US
645,ROSEMONT,BANCO POPULAR,021272626,$796033921.54,US
646,HERMITAGE,FIRST NATIONAL BANK,253171430,$488336614.43,US
647,BUFFALO,HSBC BANK,021300420,$96896755.01,US
648,CINCINNATI,FIFTH THIRD BANK,072401608,$485485159.77,US
649,WHITTEMORE,FARMERS STATE BANK,073909578,$807612036.78,US
650,HUDSON,CITIZENS STATE BANK,091807254,$142353080.48,US
651,HUGO,FIRST NATIONAL BANK,102102576,$794035334.48,US
652,SOUTH WINDSOR,UNITED BANK,011110646,$78260478.64,US
653,BLUE EARTH,FIRST BANK,091201915,$513323602.50,US
654,RUTHER GLEN,UNION BANK & TRUST,251472555,$51035397.33,US
655,OMAHA,FIRST NATIONAL BANK OF OMAHA,104900721,$486211456.80,US
656,SAN ANTONIO,INTERNATIONAL BANK OF COMMERCE,114911580,$923971237.40,US
657,TUPELO,RENASANT BANK,084201171,$637566309.02,US
658,RICHMOND,CAPITAL ONE,065404256,$143466346.49,US
659,PANAMA CITY,FIRST NATIONAL BANK,063211726,$356133195.91,US
660,SPRINGFIELD,GREAT SOUTHERN BANK,081503322,$569993203.95,US
661,RICHMOND,BANK OF AMERICA,064101178,$570917879.82,US
662,TUPELO,RENASANT BANK,084201977,$76518190.86,US
663,TAMPA,JPMORGAN CHASE,111001150,$912790606.00,US
664,MARIETTA,PEOPLES BANK,044202505,$552061866.92,US
665,CANTON,COMMUNITY BANK,021310326,$642117869.38,US
666,OKEMAH,CITIZENS STATE BANK,103103105,$31206099.85,US
667,RICHMOND,BANK OF AMERICA,107005607,$645086479.75,US
668,TAMPA,JPMORGAN CHASE,021100361,$623034760.63,US
669,ST PAUL,US BANK,071004200,$141406195.13,US
670,CHICAGO,BYLINE BANK,071004530,$23833267.82,US
671,MIAMI,CAPITAL BANK CORPORATION,053112068,$181639767.38,US
672,NAPERVILLE,BMO HARRIS BANK,075072157,$807709923.52,US
673,WAYNE,VALLEY NATIONAL BANK,021205253,$265313747.32,US
674,PITTSBURGH,PNC BANK,065103887,$193379435.89,US
675,GREENSBURG,MAINSOURCE BANK,074903308,$717695076.07,US
676,OLSBURG,UNION STATE BANK,101106939,$262016127.50,US
677,ALBION,CITIZENS NATIONAL BANK,081225804,$46141537.12,US
678,RIVERSIDE,CITIZENS BANK,031101143,$322885434.31,US
679,RICHMOND,BANK OF AMERICA,064101385,$419697924.63,US
680,NEW ORLEANS,LIBERTY BANK,265070752,$295908019.00,US
681,MENA,BEAR STATE BANK,082900995,$193909560.48,US
682,CINCINNATI,FIRST FINANCIAL BANK,074905403,$228119775.72,US
683,SAN ANTONIO,INTERNATIONAL BANK OF COMMERCE,113014077,$341277719.70,US
684,RICHMOND,CAPITAL ONE,065201048,$114337560.80,US
685,GAINESVILLE,FIRST STATE BANK,111912252,$842249233.55,US
686,SUGAR LAND,PROSPERITY BANK,113107612,$522439121.21,US
687,GREENWOOD,BANK OF COMMERCE,084200981,$612086218.93,US
688,ALEXANDRIA,PENTAGON FEDERAL CREDIT UNION,321379494,$189498899.48,US
689,BIRMINGHAM,REGIONS BANK,063206663,$608616211.82,US
690,MCMINNVILLE,FIRST NATIONAL BANK,064101589,$735762559.22,US
691,THOMASVILLE,BANK OF NORTH CAROLINA,053112738,$442028234.91,US
692,WALHALLA,COMMUNITY FIRST BANK,053202130,$567105247.50,US
693,MINNEAPOLIS,WELLS FARGO BANK,055003201,$471369284.90,US
694,MINDEN,FIRST BANK,104901827,$436329701.51,US
695,GOODLAND,FIRST NATIONAL BANK,101102548,$435642589.22,US
696,CINCINNATI,FIRST FINANCIAL BANK,074904190,$331038634.08,US
697,MINNEAPOLIS,WELLS FARGO BANK,062203751,$572424700.62,US
698,RICHMOND,BANK OF AMERICA,011000206,$158720034.51,US
699,RICHMOND,BANK OF AMERICA,067007758,$413707163.57,US
700,NAPERVILLE,BMO HARRIS BANK,071908869,$667625656.09,US
701,ALBERT LEA,SECURITY BANK,091908399,$540561207.74,US
702,MOULTRIE,AMERIS BANK,061292433,$304294195.73,US
703,CANTON,COMMUNITY BANK,021305386,$926572686.05,US
704,OKLAHOMA CITY,FIRST SECURITY BANK,103000677,$987254995.80,US
705,EVANSTON,GLACIER BANK,124300806,$726137408.73,US
706,RYE,USALLIANCE FEDERAL CREDIT UNION,211179995,$382399503.78,US
707,NEW CASTLE,CITIBANK,271970312,$205289817.60,US
708,FRANKFORT,UNITED BANK,083901100,$862658810.22,US
709,OMAHA,FIRST NATIONAL BANK OF OMAHA,104900048,$131814666.84,US
710,WEST PLAINS,COMMUNITY FIRST BANK,086518765,$572187039.07,US
711,MINNEAPOLIS,WELLS FARGO BANK,104900323,$932462734.62,US
712,RICHMOND,CAPITAL ONE,065401246,$532232747.13,US
713,MUKWONAGO,CITIZENS BANK,075918305,$760114043.20,US
714,OKLEE,SECURITY STATE BANK,091211471,$476415488.03,US
715,LOS ANGELES,BANK OF THE WEST,107000152,$85618134.76,US
716,RICHMOND,BANK OF AMERICA,026009593,$767225499.26,US
717,NEW CASTLE,CITIBANK,122402159,$780584440.30,US
718,RAPID CITY,GREAT WESTERN BANK,091409212,$188988503.37,US
719,MIDLAND,CHEMICAL BANK,241271957,$264722408.96,US
720,BIRMINGHAM,COMPASS BANK,107000783,$414656159.12,US
721,HENRICO,BANK OF AMERICA,081000032,$746385543.44,US
722,LAKEWOOD,FIRSTBANK,107003609,$858083081.36,US
723,SUGARLAND,PROSPERITY BANK,113102303,$822711090.24,US
724,DANVILLE,FIRST SAVINGS BANK,271171674,$467422391.26,US
725,ITASCA,FIRST MIDWEST BANK,071004378,$558470922.32,US
726,SPOKANE,BANNER BANK,125108599,$852056090.62,US
727,MINNEAPOLIS,WELLS FARGO BANK,121181866,$819097779.69,US
728,BREA,CREDIT UNION OF SOUTHERN CALIFORNIA,322280252,$454981046.73,US
729,BIRMINGHAM,REGIONS BANK,065305436,$818325708.10,US
730,WELLS,PEOPLES STATE BANK,091215626,$543401609.82,US
731,NELSON,COMMERCIAL BANK,104102642,$300880468.19,US
732,SUGAR LAND,PROSPERITY BANK,113093865,$973386040.34,US
733,ATLANTA,FIDELITY BANK,061119781,$597221842.71,US
734,CLEWISTON,FIRST BANK,067003778,$769601264.91,US
735,WAYNESBORO,FIRST STATE BANK,065301689,$403253354.77,US
736,CENTRALIA,SECURITY STATE BANK,125100607,$212995787.71,US
737,WAYNE,VALLEY NATIONAL BANK,067013836,$100667966.03,US
738,CANTON,COMMUNITY BANK,031312107,$448040132.11,US
739,MIAMI,HSBC BANK,067009390,$218231935.10,US
740,LEWISTON,TD BANK,011600033,$41907681.66,US
741,PINE BLUFF,SIMMONS FIRST NATL BK,082901907,$152911504.37,US
742,RALEIGH,FIRST CITIZENS BANK & TRUST COMPANY,067092022,$482886482.66,US
743,OMAHA,FIRST NATIONAL BANK OF OMAHA,071924584,$319074264.80,US
744,MORGANFIELD,UNITED COMMUNITY BANK,083908381,$932593373.73,US
745,PITTSBURGH,PNC BANK,043000122,$545242108.20,US
746,ROSEMONT,BANCO POPULAR,071924319,$364260178.53,US
747,BELOIT,FIRST NATIONAL BANK,075907073,$775320514.13,US
748,MIAMI,CAPITAL BANK CORPORATION,053112042,$401615982.28,US
749,RENO,HERITAGE BANK,121201814,$848722574.05,US
750,MIDDLETOWN,FIRST FINANCIAL BANK,242272272,$761248791.55,US
751,HERMITAGE,FIRST NATIONAL BANK,053202305,$956062080.16,US
752,FAIRFAX,UNITED BANK,056004445,$993756959.20,US
753,CHICAGO,BANK OF AMERICA,071000505,$375984233.32,US
754,PITTSBURGH,BANK OF NEW YORK MELLON,021902352,$424660522.04,US
755,PHILLIPSBURG,FIRST NATIONAL BANK,101103356,$877130867.77,US
756,HUGOTON,CITIZENS STATE BANK,101111351,$699669505.30,US
757,MINNEAPOLIS,WELLS FARGO BANK,051402961,$125434392.66,US
758,GILLETTE,FIRST NATIONAL BANK,102301050,$230192706.24,US
759,BERESFORD,FIRST SAVINGS BANK,122402078,$273952964.94,US
760,HENRICO,BANK OF AMERICA,122400724,$352608735.55,US
761,CINCINNATI,FIFTH THIRD BANK,072405662,$81857309.73,US
762,HICKSVILLE,NEW YORK COMMUNITY BANK,021207112,$948249864.54,US
763,HICKMAN,CITIZENS BANK,083907722,$799904518.39,US
764,NEW LONDON,FIRST STATE BANK,075907497,$88514620.43,US
765,RUTHER GLEN,UNION BANK & TRUST,051403465,$556053040.38,US
766,ROSHOLT,COMMUNITY FIRST BANK,075906702,$935123643.52,US
767,PERHAM,UNITED COMMUNITY BANK,091210074,$608047742.05,US
768,ROCKPORT,CAMDEN NATIONAL BANK,211272504,$111207127.63,US
769,LEE'S SUMMIT,CENTRAL BANK,101014733,$273142551.56,US
770,RICHMOND,BANK OF AMERICA,021302622,$651753617.96,US
771,ONTARIO,CITIZENS BUSINESS BANK,122237654,$865144987.70,US
772,BUFFALO,HSBC BANK,021301089,$873532439.04,US
773,MEDORA,FARMERS STATE BANK,081917662,$728467595.81,US
774,BLAIRSVILLE,UNITED COMMUNITY BANK,061119875,$95881466.37,US
775,PITTSBURGH,BANK OF NEW YORK MELLON,021101470,$729049080.74,US
776,NEW ORLEANS,FIDELITY BANK,265070532,$457902539.73,US
777,LINDEN,FIRST BANK,062101581,$63553485.30,US
778,NAPERVILLE,BMO HARRIS BANK,071923543,$55940520.01,US
779,CALHAN,FARMERS STATE BANK,102103562,$115388542.45,US
780,SAN DIEGO,MUFG UNION BANK,121140742,$739289147.93,US
781,BIRMINGHAM,REGIONS BANK,065305436,$863188529.31,US
782,DETROIT,COMERICA BANK,067012099,$688832062.57,US
783,LEWISTON,TD BANK,031101017,$527845284.62,US
784,SAN ANTONIO,INTERNATIONAL BANK OF COMMERCE,114905567,$488120451.94,US
785,RICHMOND,BANK OF AMERICA,121103886,$640216278.75,US
786,MCMINNVILLE,FIRST NATIONAL BANK,064101589,$787738818.46,US
787,BELDING,INDEPENDENT BANK,272471124,$463045956.60,US
788,CROSBYTON,CITIZENS NATIONAL BANK,111313631,$732310687.54,US
789,CORVALLIS,CITIZENS BANK,123206846,$792588956.38,US
790,PITTSBURGH,PNC BANK,051403630,$591072220.67,US
791,LAGRANGE,COMMUNITY BANK,061103218,$41359981.32,US
792,COLOME,FIRST FIDELITY BANK,091408996,$136754375.06,US
793,BRISTOW,COMMUNITY BANK,103112125,$63997691.02,US
794,AMHERST,M & T BANK,056005363,$46384364.08,US
795,PITTSBURGH,BANK OF NEW YORK MELLON,011001234,$197849495.90,US
796,MINNEAPOLIS,WELLS FARGO BANK,322285752,$954703151.89,US
797,ARKANSAS CITY,UNION STATE BANK,101100993,$629502832.32,US
798,RICHMOND,BANK OF AMERICA,107000796,$311344.99,US
799,RICHMOND,BANK OF AMERICA,084301767,$56043133.69,US
800,PITTSBURGH,PNC BANK,021202447,$247113646.48,US
801,PLAINVIEW,PEOPLES STATE BANK,091915612,$233284770.59,US
802,DARWIN,FARMERS STATE BANK,091911302,$456361641.30,US
803,COLMA,FIRST NATIONAL BANK,121031673,$604565171.86,US
804,NAPERVILLE,BMO HARRIS BANK,122105595,$662947419.43,US
805,BLUEFIELD,FIRST COMMUNITY BANK,051404600,$344176345.71,US
806,CHARLESTON,FIRST BANK,051904676,$981863841.55,US
807,HICKSVILLE,NEW YORK COMMUNITY BANK,226072647,$527201361.30,US
808,ROCKPORT,CAMDEN NATIONAL BANK,211272504,$219120013.77,US
809,WAYNE,VALLEY NATIONAL BANK,067012811,$737503446.79,US
810,OWENTON,PEOPLES BANK,083903085,$978849896.37,US
811,CORPUS CHRISTI,FIRST COMMUNITY BANK,314974000,$925619837.46,US
812,PINE BLUFF,SIMMONS FIRST NATL BK,301171230,$867564776.70,US
813,CLEVELAND,PNC BANK,081001727,$331654454.38,US
814,RICHMOND,BANK OF AMERICA,011900652,$149312600.55,US
815,MOULTRIE,AMERIS BANK,053208066,$532269097.53,US
816,JACKSON,TRUSTMARK NATIONAL BANK,062203706,$570427000.05,US
817,SUMMIT,PEOPLES STATE BANK,091406820,$313394602.32,US
818,PIERRE,FIRST NATIONAL BANK,091409762,$131139985.04,US
819,JUNCTION,FIRST STATE BANK,114922430,$231332653.11,US
820,RICHMOND,BANK OF AMERICA,053000196,$638630313.27,US
821,MIAMI,CITY NATIONAL BANK,066004367,$137925073.27,US
822,HERMITAGE,FIRST NATIONAL BANK OF PENNSYLVANIA,053102117,$28691171.72,US
823,MINNEAPOLIS,WELLS FARGO BANK,121141534,$391492324.10,US
824,EL MONTE,EAST WEST BANK,122242102,$13312546.70,US
825,DRIPPING SPRINGS,"PIONEER BANK, SSB",114994109,$297748370.10,US
826,ALBANY,KEYBANK,211174369,$415733911.00,US
827,LAKE JACKSON,FIRST NATIONAL BANK,113101317,$197564618.07,US
828,JASPER,GERMAN AMERICAN BANCORP,083907324,$496964364.39,US
829,HELENA,GLACIER BANK,092001512,$694744823.57,US
830,TAMPA,JPMORGAN CHASE,021000021,$560199975.75,US
831,MIAMI,SECURITY BANK,103110907,$189420364.32,US
832,HENRICO,BANK OF AMERICA,011500010,$122829389.67,US
833,WARNER,FIRST STATE BANK,091406354,$838779979.50,US
834,NAPERVILLE,BMO HARRIS BANK,075908218,$808189713.27,US
835,WAYNE,VALLEY NATIONAL BANK,066013989,$972481099.43,US
836,SUGARLAND,PROSPERITY BANK,113102303,$514895748.11,US
837,BIRMINGHAM,REGIONS BANK,053201814,$28047171.94,US
838,MINNEAPOLIS,WELLS FARGO BANK,031000024,$470914204.41,US
839,GROVE CITY,FIRST STATE BANK,091905813,$756831109.34,US
840,BIRNAMWOOD,BANNER BANK,075904526,$976742766.21,US
841,BLAKELY,FIRST STATE BANK,261270417,$673695608.09,US
842,ST. PAUL,US BANK,121122676,$873642158.57,US
843,MINNEAPOLIS,WELLS FARGO BANK,021101108,$713529252.11,US
844,SAN DIEGO,MUFG UNION BANK,125008288,$387490871.73,US
845,CHATHAM,PEOPLES BANK,111101597,$470893961.80,US
846,WAYNESBORO,FIRST STATE BANK,065304084,$113799830.92,US
847,MINNEAPOLIS,WELLS FARGO BANK,124103799,$334640750.82,US
848,NEW BRITAIN,WEBSTER BANK,211370590,$466836729.92,US
849,ROSEMONT,M B FINANCIAL BANK,071922421,$471404404.47,US
850,MCKINNEY,INDEPENDENT BANK,111916326,$824053511.19,US
851,UNION,UNITED BANK,081905289,$720247129.37,US
852,SHEPHERD,PEOPLES STATE BANK,113120291,$174507983.12,US
853,SUGAR LAND,PROSPERITY BANK,111323016,$108565178.50,US
854,MIAMI,CAPITAL BANK CORPORATION,067011760,$969742436.54,US
855,RICHMOND,CAPITAL ONE,065405132,$913653995.18,US
856,RICHMOND,CAPITAL ONE,113106956,$190840531.13,US
857,GREENWOOD,STATE BANK AND TRUST COMPANY,065202607,$406555040.87,US
858,DALEVILLE,FIRST MERCHANTS BANK,074903353,$436853314.89,US
859,LEXINGTON,FIRST COMMUNITY BANK,253272368,$427363638.86,US
860,LUBBOCK,FIRST BANK & TRUST,111319347,$938169709.82,US
861,RICHMOND,CAPITAL ONE,065200874,$779311717.81,US
862,ALLENDALE,FIRST NATIONAL BANK,081211300,$895297631.26,US
863,CARROLL,FARMERS STATE BANK,104113628,$265647034.23,US
864,LAFAYETTE,CITIZENS BANK,064102740,$118784340.55,US
865,ASHEBORO,CAPITAL BANK,253170253,$912002375.82,US
866,PETTSFIELD,BERKSHIRE BANK,031207911,$156356070.45,US
867,MIAMI,CAPITAL BANK,067014343,$851872014.50,US
868,LOS ANGELES,CITIBANK,122233645,$60219045.52,US
869,LAKEWOOD,FIRSTBANK,107006101,$74196622.52,US
870,NEW CASTLE,CITIBANK,021272655,$339452545.76,US
871,AULT,FARMERS BANK,307074098,$499230055.33,US
872,OKLAHOMA CITY,FIRST FIDELITY BANK,103013101,$187182223.11,US
873,PITTSBURGH,PNC BANK,031207607,$411754908.89,US
874,SUGAR LAND,PROSPERITY BANK,111901454,$899913411.36,US
875,BIRMINGHAM,COMPASS BANK,107005319,$683352214.59,US
876,ARCADIA,FIRST STATE BANK,063108732,$534290453.25,US
877,NEW ORLEANS,FIDELITY BANK,265070532,$941805165.44,US
878,RICHMOND,CAPITAL ONE,111104507,$115766363.45,US
879,CLEVELAND,PNC BANK,042215248,$941852832.95,US
880,RICHMOND,BANK OF AMERICA,063104697,$628359515.93,US
881,ROCK VALLEY,PEOPLES BANK,073919416,$407071547.08,US
882,N. CHAS,SOUTH STATE BANK,053273981,$970804430.85,US
883,MIDDLETOWN,LIBERTY BANK,011110659,$184722350.78,US
884,BROOKINGS,FIRST BANK & TRUST,091201818,$115702662.61,US
885,BOSOBEL,COMMUNITY FIRST BANK,075918295,$670750058.74,US
886,RIVERSIDE,CITIZENS BANK,021313103,$363921835.26,US
887,SUGARLAND,PROSPERITY BANK,114993731,$113747585.47,US
888,AMHERST,M & T BANK,055073532,$936956195.46,US
889,PARIS,COMMERCIAL BANK,084301107,$23190301.18,US
890,TRINIDAD,FIRST NATIONAL BANK,102100138,$202616644.85,US
891,WEBSTER CITY,FIRST STATE BANK,073921718,$699938376.42,US
892,TUPELO,RENASANT BANK,084202248,$301058604.03,US
893,MINNEAPOLIS,WELLS FARGO BANK,111900659,$611674468.33,US
894,RICHMOND,BANK OF AMERICA,063200407,$995540312.48,US
895,OMAHA,FIRST NATIONAL BANK,091409487,$689908468.61,US
896,NORTON,FIRST STATE BANK,104900886,$106704542.17,US
897,BUFFALO,HSBC BANK,226070717,$846954693.83,US
898,PITTSBURGH,PNC BANK,262285184,$761975305.07,US
899,AMHERST,M & T BANK,052173464,$900929483.29,US
900,RICHMOND,BANK OF AMERICA,051000101,$742770805.95,US
901,KANSAS CITY,COMMERCE BANK,103912888,$535775020.48,US
902,BATON ROUGE,FIRST NATIONAL BANK,065306192,$535541191.01,US
903,SYLVANIA,GREAT LAKES CREDIT UNION,241282632,$539602436.79,US
904,DETROIT,COMERICA BANK,072404485,$824287150.88,US
905,RICHMOND,CAPITAL ONE,111913798,$271451830.56,US
906,RICHMOND,BANK OF AMERICA,063104972,$491856096.88,US
907,CHANUTE,BANK OF COMMERCE,101105558,$51058466.38,US
908,NEWARK,JPMORGAN CHASE,031100393,$455399056.16,US
909,STARKVILLE,CADENCE BANK,084003900,$450702056.16,US
910,MINNEAPOLIS,WELLS FARGO BANK,254070019,$427372941.62,US
911,MAYWOOD,COMMUNITY FIRST BANK,104105733,$811953681.39,US
912,COLUMBIA,CENTRAL BANK,081500859,$667933340.10,US
913,HUXLEY,FIDELITY BANK,073920900,$382320573.67,US
914,ROSEMEAD,CATHAY BANK,026001423,$712832273.05,US
915,RICHMOND,BANK OF AMERICA,064101178,$25808017.40,US
916,RICHMOND,BANK OF AMERICA,082900487,$852691239.28,US
917,RICHMOND,BANK OF AMERICA,067014026,$988399136.85,US
918,ALMA,FIRST NATIONAL BANK,061212866,$336162093.83,US
919,WHEELING,WESBANCO BANK INC,242272816,$85977431.14,US
920,HENRICO,BANK OF AMERICA,123103716,$597025275.63,US
921,ZEBULON,UNITED BANK,061120437,$385937648.88,US
922,CATOOSA,BANK OF COMMERCE,103102481,$930250450.63,US
923,HENRICO,BANK OF AMERICA,011000138,$910655671.51,US
924,WAYNE,VALLEY NATIONAL BANK,067014987,$225329500.36,US
925,LAKEWOOD,FIRSTBANK,102006067,$178719303.35,US
926,LEXINGTON,FIRST BANK,084307033,$970956118.30,US
927,SUGAR LAND,PROSPERITY BANK,113104178,$81423934.77,US
928,GREENSBURG,MAINSOURCE BANK,274970076,$152755851.82,US
929,HIBBING,SECURITY STATE BANK,091200592,$7995140.87,US
930,BAIRD,FIRST BANK,111304912,$483480280.77,US
931,EL MONTE,EAST WEST BANK,061003664,$268791145.85,US
932,READING,SANTANDER BANK,011075202,$443366437.72,US
933,LEWISTON,TD BANK,021307708,$350183647.22,US
934,NAPERVILLE,BMO HARRIS BANK,101102315,$703809497.73,US
935,DETROIT,COMERICA BANK,072401064,$743949057.39,US
936,RICHMOND,CAPITAL ONE,111104798,$21184699.40,US
937,BIRMINGHAM,COMPASS BANK,063013924,$610314123.03,US
938,PITTSBURGH,BANK OF NEW YORK MELLON,043301601,$309130810.44,US
939,DURHAM,SELF-HELP CREDIT UNION,053185406,$198252693.45,US
940,PITTSBURGH,PNC BANK,055001054,$751212685.50,US
941,GREENSBURG,MAINSOURCE BANK,071123385,$958411791.38,US
942,RICHMOND,BANK OF AMERICA,082900429,$100691589.16,US
943,NAPERVILLE,BMO HARRIS BANK,071000288,$344803851.55,US
944,MINNEAPOLIS,WELLS FARGO BANK,053000183,$664099137.70,US
945,PARSONS,COMMERCIAL BANK,101100375,$593416662.52,US
946,NEW BRITAIN,WEBSTER BANK,211170305,$543986983.48,US
947,PITTSBURGH,PNC BANK,052100893,$121474715.33,US
948,MORGAN HILL,PINNACLE BANK,121144340,$163698512.58,US
949,PORTLAND,UMPQUA BANK,121141107,$508497108.96,US
950,RICHMOND,BANK OF AMERICA,066007681,$20705234.68,US
951,PITTSBURGH,BANK OF NEW YORK MELLON,031300821,$944612196.25,US
952,BLAIRSVILLE,UNITED COMMUNITY BANK,061120291,$568595671.28,US
953,ELIZABETH CITY,XENITH BANK,051009649,$477057959.56,US
954,PITTSBURGH,PNC BANK,063114386,$366128871.12,US
955,OSSEO,UNITED BANK,091806381,$562750856.24,US
956,RICHMOND,BANK OF AMERICA,067014026,$435856295.78,US
957,CHICAGO,BYLINE BANK,071922874,$551419077.50,US
958,ALBANY,KEYBANK,031311810,$100320039.83,US
959,ATLANTA,FEDERAL RESERVE BANK,051000033,$53490556.09,US
960,RICHMOND,BANK OF AMERICA,063107393,$276300729.50,US
961,MIDLAND,CHEMICAL BANK,072410013,$657522617.50,US
962,DODGE,FARMERS STATE BANK,104112849,$152053391.93,US
963,JACKSON,TRUSTMARK NATIONAL BANK,065103654,$737607966.73,US
964,SHELBYVILLE,FIRST COMMUNITY BANK,064109264,$76854104.06,US
965,AMHERST,M & T BANK,021907577,$776557115.71,US
966,CAMPBELL HILL,FIRST STATE BANK,081220524,$142972124.86,US
967,HAZELWOOD,FIRST BANK,122239131,$771873534.87,US
968,SAN ANTONIO,INTERNATIONAL BANK OF COMMERCE,114905567,$37747922.45,US
969,FAIRMOUNT,PEOPLES STATE BANK,091311009,$184493369.66,US
970,COLUMBUS,THE HUNTINGTON NATIONAL BANK,041202812,$491735157.50,US
971,HERMITAGE,FIRST NATIONAL BANK OF PENNSYLVANIA,254070132,$165679006.05,US
972,WAUSAU,PEOPLES STATE BANK,075911616,$542094705.58,US
973,RYE,USALLIANCE FEDERAL CREDIT UNION,211080851,$714291137.31,US
974,SUGAR LAND,PROSPERITY BANK,314973593,$54937521.23,US
975,BAIRD,FIRST BANK,111312739,$740244802.44,US
976,WAMEGO,FIRST NATIONAL BANK,101115111,$384397921.94,US
977,SAN DIEGO,MUFG UNION BANK,121181798,$972890524.65,US
978,RICHMOND,CAPITAL ONE,065401712,$846043144.49,US
979,PINE BLUFF,SIMMONS FIRST NATIONAL BANK,084309015,$17427958.48,US
980,TAMPA,JPMORGAN CHASE,122100024,$537364539.77,US
981,RICHMOND,CAPITAL ONE,265472208,$245792950.56,US
982,TUPELO,BANCORPSOUTH,065300020,$459500464.81,US
983,PITTSBURGH,PNC BANK,065103887,$983851399.33,US
984,FRANKFORT,UNITED BANK & CAPITAL TRUST COMPANY,083908420,$650964344.12,US
985,MOULTRIE,AMERIS BANK,061211168,$925459799.20,US
986,LYNN,EASTERN BANK,011303110,$794776449.92,US
987,LOUISE,FIRST STATE BANK,113123065,$564065933.13,US
988,RICHMOND,BANK OF AMERICA,121200158,$14325217.66,US
989,DALLAS,COMPASS BANK,311074288,$888404689.97,US
990,MACON,STATE BANK AND TRUST COMPANY,061103292,$413217598.64,US
991,FLORENCE,UNION STATE BANK,114910565,$312075853.25,US
992,TUPELO,BANCORP SOUTH,084003654,$466318951.87,US
993,LOS ANGELES,BANK OF THE WEST,091400680,$406429248.60,US
994,BUCKLIN,FARMERS STATE BANK,101104711,$951689353.01,US
995,MOLENA,FIRST BANK,061106655,$102197113.56,US
996,SPOKANE,BANNER BANK,125108858,$748571987.61,US
997,HILLSBORO,FARMERS STATE BANK,075907808,$723188542.05,US
998,IDA GROVE,UNITED BANK,073921569,$484861023.98,US
999,LOS ANGELES,BANK OF THE WEST,124002735,$675979688.30,US
1000,NAPERVILLE,BMO HARRIS BANK,075904115,$263449084.44,US
